cbsa_fips,name,gmp,pop,a1,a2,b1,b2,quadrant,label
34620,"Muncie, IN",-0.075247138,-0.009244837,1,0,0,0,1,0
22420,"Flint, MI",-0.077302033,-0.023733151,1,0,0,0,1,1
31900,"Mansfield, OH",-0.025265957,-0.033969205,1,0,0,0,1,0
44220,"Springfield, OH",-0.04763237,-0.044278786,1,0,0,0,1,0
48260,"Weirton-Steubenville, WV-OH",-0.063219726,-0.057223805,1,0,0,0,1,0
15940,"Canton-Massillon, OH",-0.029713653,-0.006172991,1,0,0,0,1,0
19820,"Detroit-Warren-Dearborn, MI",-0.024098364,-0.035104997,1,0,0,0,1,1
49660,"Youngstown-Warren-Boardman, OH-PA",-0.017972965,-0.061680299,1,0,0,0,1,1
27780,"Johnstown, PA",0.042968182,-0.058447686,0,2,0,0,2,0
38220,"Pine Bluff, AR",0.083102395,-0.06598597,0,2,0,0,2,1
35380,"New Orleans-Metairie, LA",0.002741923,-0.110530856,0,2,0,0,2,1
21500,"Erie, PA",0.039993149,-0.000986316,0,2,0,0,2,0
48660,"Wichita Falls, TX",0.23021794,-0.001438716,0,2,0,0,2,0
46540,"Utica-Rome, NY",0.090343632,-0.00166391,0,2,0,0,2,0
13780,"Binghamton, NY",0.191957231,-0.002358117,0,2,0,0,2,0
45780,"Toledo, OH",0.039327174,-0.011770542,0,2,0,0,2,0
37620,"Parkersburg-Vienna, WV",0.057474205,-0.012635975,0,2,0,0,2,0
12980,"Battle Creek, MI",0.073135552,-0.013327536,0,2,0,0,2,0
13220,"Beckley, WV",0.190097319,-0.014992232,0,2,0,0,2,0
11020,"Altoona, PA",0.097713988,-0.01591247,0,2,0,0,2,0
30620,"Lima, OH",0.165422417,-0.019746849,0,2,0,0,2,0
13020,"Bay City, MI",0.003287572,-0.021659994,0,2,0,0,2,0
21300,"Elmira, NY",0.205314816,-0.024596464,0,2,0,0,2,0
29020,"Kokomo, IN",0.170697874,-0.026034556,0,2,0,0,2,0
19180,"Danville, IL",0.106400298,-0.027335883,0,2,0,0,2,0
38340,"Pittsfield, MA",0.068066266,-0.027668892,0,2,0,0,2,0
16620,"Charleston, WV",0.139419217,-0.02809688,0,2,0,0,2,0
12700,"Barnstable Town, MA",0.04981572,-0.028538001,0,2,0,0,2,0
15380,"Buffalo-Cheektowaga-Niagara Falls, NY",0.172917232,-0.029571553,0,2,0,0,2,0
38300,"Pittsburgh, PA",0.10575857,-0.030768952,0,2,0,0,2,0
48700,"Williamsport, PA",0.173073881,-0.032762987,0,2,0,0,2,0
17460,"Cleveland-Elyria, OH",0.062554193,-0.033006648,0,2,0,0,2,0
48540,"Wheeling, WV-OH",0.17477699,-0.034092393,0,2,0,0,2,0
19500,"Decatur, IL",0.091027417,-0.034331247,0,2,0,0,2,0
35660,"Niles-Benton Harbor, MI",0.025845431,-0.034717734,0,2,0,0,2,0
40980,"Saginaw, MI",0.004438034,-0.046991273,0,2,0,0,2,0
36140,"Ocean City, NJ",0.120685714,-0.04945957,0,2,0,0,2,0
41100,"St. George, UT",-0.064856146,0.528598623,0,0,3,0,3,1
29820,"Las Vegas, NV",-0.101920957,0.418315628,0,0,3,0,3,1
39580,"Raleigh, NC",-0.076384422,0.41830527,0,0,3,0,3,1
15980,"Cape Coral-Fort Myers, FL",-0.108095383,0.403426721,0,0,3,0,3,0
24540,"Greeley, CO",-0.179910875,0.397317283,0,0,3,0,3,0
39900,"Reno, NV",-0.200419671,0.240698777,0,0,3,0,3,1
19140,"Dalton, GA",-0.421510498,0.184918896,0,0,3,0,3,1
49180,"Winston-Salem, NC",-0.153417331,0.125416588,0,0,3,0,3,1
34820,"Myrtle Beach-Conway-North Myrtle Beach, SC-NC",-0.161099666,0.396445888,0,0,3,0,3,0
25940,"Hilton Head Island-Bluffton-Beaufort, SC",-0.312323849,0.320552201,0,0,3,0,3,0
34940,"Naples-Immokalee-Marco Island, FL",-0.309191753,0.279035075,0,0,3,0,3,0
13460,"Bend-Redmond, OR",-0.125301374,0.367228063,0,0,3,0,3,0
38940,"Port St. Lucie, FL",-0.045924483,0.327715966,0,0,3,0,3,0
14260,"Boise City, ID",-0.011333367,0.326394028,0,0,3,0,3,0
19300,"Daphne-Fairhope-Foley, AL",-0.007607072,0.298045081,0,0,3,0,3,0
40140,"Riverside-San Bernardino-Ontario, CA",-0.011731926,0.298028678,0,0,3,0,3,0
36740,"Orlando-Kissimmee-Sanford, FL",-0.033231921,0.297860645,0,0,3,0,3,0
29700,"Laredo, TX",-0.066723549,0.296126183,0,0,3,0,3,0
29420,"Lake Havasu City-Kingman, AZ",-0.113731198,0.291255999,0,0,3,0,3,0
23580,"Gainesville, GA",-0.077263562,0.29011969,0,0,3,0,3,0
38060,"Phoenix-Mesa-Scottsdale, AZ",-0.031725631,0.28937481,0,0,3,0,3,0
20100,"Dover, DE",-0.099381245,0.28108795,0,0,3,0,3,0
36100,"Ocala, FL",-0.098928851,0.279557849,0,0,3,0,3,0
24300,"Grand Junction, CO",-0.000903914,0.26207905,0,0,3,0,3,0
41700,"San Antonio-New Braunfels, TX",-0.003156879,0.251682097,0,0,3,0,3,0
47580,"Warner Robins, GA",-0.020432209,0.246680503,0,0,3,0,3,0
29460,"Lakeland-Winter Haven, FL",-0.0934309,0.244193303,0,0,3,0,3,0
12060,"Atlanta-Sandy Springs-Roswell, GA",-0.108881372,0.240015218,0,0,3,0,3,0
19100,"Dallas-Fort Worth-Arlington, TX",-0.007934562,0.234731199,0,0,3,0,3,0
20700,"East Stroudsburg, PA",-0.039034886,0.22464254,0,0,3,0,3,0
42680,"Sebastian-Vero Beach, FL",-0.149338765,0.222059904,0,0,3,0,3,0
36500,"Olympia-Tumwater, WA",-0.015498799,0.216580261,0,0,3,0,3,0
44700,"Stockton-Lodi, CA",-0.06894269,0.215948247,0,0,3,0,3,0
10740,"Albuquerque, NM",-0.009636255,0.215758536,0,0,3,0,3,0
25180,"Hagerstown-Martinsburg, MD-WV",-0.059763367,0.208146482,0,0,3,0,3,0
15260,"Brunswick, GA",-0.058621872,0.207708181,0,0,3,0,3,0
27260,"Jacksonville, FL",-0.063803111,0.198482298,0,0,3,0,3,0
19660,"Deltona-Daytona Beach-Ormond Beach, FL",-0.10821151,0.196915902,0,0,3,0,3,0
40900,"Sacramento--Roseville--Arden-Arcade, CA",-0.048845877,0.196047877,0,0,3,0,3,0
41540,"Salisbury, MD-DE",-0.010946428,0.195890867,0,0,3,0,3,0
35840,"North Port-Sarasota-Bradenton, FL",-0.027543219,0.190389502,0,0,3,0,3,0
17900,"Columbia, SC",-0.006016497,0.18610602,0,0,3,0,3,0
44180,"Springfield, MO",-0.036299668,0.18551255,0,0,3,0,3,0
21340,"El Paso, TX",-0.11360024,0.177398289,0,0,3,0,3,0
17860,"Columbia, MO",-0.023159789,0.172795929,0,0,3,0,3,0
46660,"Valdosta, GA",-0.022497188,0.167514219,0,0,3,0,3,0
46060,"Tucson, AZ",-0.052710094,0.161798693,0,0,3,0,3,0
12020,"Athens-Clarke County, GA",-0.035251758,0.159333811,0,0,3,0,3,0
30460,"Lexington-Fayette, KY",-0.020002054,0.15618158,0,0,3,0,3,0
15500,"Burlington, NC",-0.104769046,0.15543578,0,0,3,0,3,0
19740,"Denver-Aurora-Lakewood, CO",-0.004228902,0.152861121,0,0,3,0,3,0
45220,"Tallahassee, FL",-0.098577367,0.147075903,0,0,3,0,3,0
22140,"Farmington, NM",-0.085334516,0.14273161,0,0,3,0,3,0
40060,"Richmond, VA",-0.062381127,0.140655764,0,0,3,0,3,0
24860,"Greenville-Anderson-Mauldin, SC",-0.03125,0.135641054,0,0,3,0,3,0
34580,"Mount Vernon-Anacortes, WA",-0.069585517,0.135192612,0,0,3,0,3,0
10540,"Albany, OR",-0.064748693,0.131979548,0,0,3,0,3,0
39460,"Punta Gorda, FL",-0.086893113,0.129572751,0,0,3,0,3,0
41420,"Salem, OR",-0.039471205,0.125352088,0,0,3,0,3,0
24660,"Greensboro-High Point, NC",-0.016831109,0.124910247,0,0,3,0,3,0
39380,"Pueblo, CO",-0.039660057,0.124342626,0,0,3,0,3,0
32780,"Medford, OR",-0.079914278,0.121019038,0,0,3,0,3,0
42140,"Santa Fe, NM",-0.024450146,0.115072858,0,0,3,0,3,0
17420,"Cleveland, TN",-0.06176746,0.113185598,0,0,3,0,3,0
20020,"Dothan, AL",-0.051696234,0.112928986,0,0,3,0,3,0
12260,"Augusta-Richmond County, GA-SC",-0.014437583,0.111884684,0,0,3,0,3,0
33100,"Miami-Fort Lauderdale-West Palm Beach, FL",-0.020764904,0.111245907,0,0,3,0,3,0
23900,"Gettysburg, PA",-0.022316644,0.110798317,0,0,3,0,3,0
34100,"Morristown, TN",-0.070766477,0.109903234,0,0,3,0,3,0
10900,"Allentown-Bethlehem-Easton, PA-NJ",-0.070011143,0.109101223,0,0,3,0,3,0
29940,"Lawrence, KS",-0.051205078,0.108681299,0,0,3,0,3,0
29540,"Lancaster, PA",-0.031496248,0.103657008,0,0,3,0,3,0
39740,"Reading, PA",-0.036607848,0.101178146,0,0,3,0,3,0
34900,"Napa, CA",-0.063839121,0.098206455,0,0,3,0,3,0
28100,"Kankakee, IL",-0.006138756,0.092610249,0,0,3,0,3,0
32820,"Memphis, TN-MS-AR",-0.058023812,0.092014298,0,0,3,0,3,0
40420,"Rockford, IL",-0.049391921,0.091276186,0,0,3,0,3,0
12100,"Atlantic City-Hammonton, NJ",-0.038124566,0.087098894,0,0,3,0,3,0
39820,"Redding, CA",-0.109833365,0.085552752,0,0,3,0,3,0
24140,"Goldsboro, NC",-0.031482265,0.082009018,0,0,3,0,3,0
25860,"Hickory-Lenoir-Morganton, NC",-0.129890893,0.069170487,0,0,3,0,3,0
11460,"Ann Arbor, MI",-0.046187326,0.067811518,0,0,3,0,3,0
40580,"Rocky Mount, NC",-0.018282851,0.065484597,0,0,3,0,3,0
22500,"Florence, SC",-0.072324039,0.064254096,0,0,3,0,3,0
40660,"Rome, GA",-0.07292431,0.063512394,0,0,3,0,3,0
24340,"Grand Rapids-Wyoming, MI",-0.051881109,0.06225673,0,0,3,0,3,0
12620,"Bangor, ME",-0.049185464,0.06213126,0,0,3,0,3,0
42220,"Santa Rosa, CA",-0.051061836,0.055087721,0,0,3,0,3,0
19460,"Decatur, AL",-0.015756965,0.05458397,0,0,3,0,3,0
27500,"Janesville-Beloit, WI",-0.001061207,0.052683068,0,0,3,0,3,0
28020,"Kalamazoo-Portage, MI",-0.001018875,0.049152777,0,0,3,0,3,0
35300,"New Haven-Milford, CT",-0.022938082,0.046685226,0,0,3,0,3,0
31420,"Macon-Bibb County, GA",-0.123843287,0.044633221,0,0,3,0,3,0
44100,"Springfield, IL",-0.00151752,0.043353505,0,0,3,0,3,0
33780,"Monroe, MI",-0.035003921,0.041632122,0,0,3,0,3,0
45820,"Topeka, KS",-0.011300985,0.041500595,0,0,3,0,3,0
39540,"Racine, WI",-0.023280479,0.034830086,0,0,3,0,3,0
41500,"Salinas, CA",-0.019851478,0.033091731,0,0,3,0,3,0
29620,"Lansing-East Lansing, MI",-0.046442711,0.029396533,0,0,3,0,3,0
42100,"Santa Cruz-Watsonville, CA",-0.075592979,0.026525614,0,0,3,0,3,0
43100,"Sheboygan, WI",-0.018840214,0.02539815,0,0,3,0,3,0
33140,"Michigan City-La Porte, IN",-0.006654171,0.012360816,0,0,3,0,3,0
34740,"Muskegon, MI",-0.030699916,0.011680376,0,0,3,0,3,0
10500,"Albany, GA",-0.048364823,0.000637361,0,0,3,0,3,0
45540,"The Villages, FL",0.240481594,0.751241916,0,0,0,4,4,1
39340,"Provo-Orem, UT",0.05211894,0.398212191,0,0,0,4,4,1
38900,"Portland-Vancouver-Hillsboro, OR-WA",0.529534835,0.15464025,0,0,0,4,4,1
16220,"Casper, WY",0.436973297,0.134023718,0,0,0,4,4,1
36220,"Odessa, TX",0.479898528,0.132154917,0,0,0,4,4,1
18700,"Corvallis, OR",1.066540544,0.095018745,0,0,0,4,4,1
12420,"Austin-Round Rock, TX",0.112428169,0.373291576,0,0,0,4,4,0
32580,"McAllen-Edinburg-Mission, TX",0.099004331,0.360525618,0,0,0,4,4,0
22220,"Fayetteville-Springdale-Rogers, AR-MO",0.095936645,0.352703434,0,0,0,4,4,0
28420,"Kennewick-Richland, WA",0.117086349,0.320703569,0,0,0,4,4,0
16740,"Charlotte-Concord-Gastonia, NC-SC",0.014591585,0.287673292,0,0,0,4,4,0
26820,"Idaho Falls, ID",0.02962589,0.274336368,0,0,0,4,4,0
17660,"Coeur d'Alene, ID",0.008547009,0.274269678,0,0,0,4,4,0
12540,"Bakersfield, CA",0.104579016,0.269005282,0,0,0,4,4,0
48900,"Wilmington, NC",0.014137813,0.265630198,0,0,0,4,4,0
26420,"Houston-The Woodlands-Sugar Land, TX",0.062861634,0.261498593,0,0,0,4,4,0
24780,"Greenville, NC",0.00020803,0.256730295,0,0,0,4,4,0
49020,"Winchester, VA-WV",0.004676657,0.247337301,0,0,0,4,4,0
17780,"College Station-Bryan, TX",0.12273135,0.236768802,0,0,0,4,4,0
36260,"Ogden-Clearfield, UT",0.03452411,0.230238504,0,0,0,4,4,0
20940,"El Centro, CA",0.126247731,0.225953737,0,0,0,4,4,0
28660,"Killeen-Temple, TX",0.16949258,0.225530216,0,0,0,4,4,0
31460,"Madera, CA",0.172730178,0.22545874,0,0,0,4,4,0
49740,"Yuma, AZ",0.039732555,0.223244973,0,0,0,4,4,0
30860,"Logan, UT-ID",0.290700513,0.221203271,0,0,0,4,4,0
43620,"Sioux Falls, SD",0.243886679,0.220040301,0,0,0,4,4,0
15680,"California-Lexington Park, MD",0.155621624,0.219693543,0,0,0,4,4,0
26620,"Huntsville, AL",0.170012081,0.219691217,0,0,0,4,4,0
12220,"Auburn-Opelika, AL",0.08919979,0.218564279,0,0,0,4,4,0
32900,"Merced, CA",0.159880294,0.214856996,0,0,0,4,4,0
15180,"Brownsville-Harlingen, TX",0.034080673,0.211775901,0,0,0,4,4,0
34980,"Nashville-Davidson--Murfreesboro--Franklin, TN",0.045410489,0.211338992,0,0,0,4,4,0
16700,"Charleston-North Charleston, SC",0.122452683,0.210504651,0,0,0,4,4,0
13380,"Bellingham, WA",0.116259152,0.205774096,0,0,0,4,4,0
46300,"Twin Falls, ID",0.029419604,0.205480115,0,0,0,4,4,0
25220,"Hammond, LA",0.350382564,0.20389112,0,0,0,4,4,0
47300,"Visalia-Porterville, CA",0.153406837,0.201504805,0,0,0,4,4,0
17820,"Colorado Springs, CO",0.023606753,0.201176221,0,0,0,4,4,0
46340,"Tyler, TX",0.309131666,0.200382357,0,0,0,4,4,0
49700,"Yuba City, CA",0.002733236,0.199376208,0,0,0,4,4,0
29740,"Las Cruces, NM",0.141624227,0.197793705,0,0,0,4,4,0
22020,"Fargo, ND-MN",0.186417595,0.197342387,0,0,0,4,4,0
26140,"Homosassa Springs, FL",0.005281612,0.19605369,0,0,0,4,4,0
22660,"Fort Collins, CO",0.055941998,0.191400192,0,0,0,4,4,0
20500,"Durham-Chapel Hill, NC",0.271208823,0.187965667,0,0,0,4,4,0
42340,"Savannah, GA",0.008130727,0.186385666,0,0,0,4,4,0
27340,"Jacksonville, NC",0.237358163,0.182348442,0,0,0,4,4,0
25260,"Hanford-Corcoran, CA",0.185008832,0.181684059,0,0,0,4,4,0
17300,"Clarksville, TN-KY",0.251289538,0.180814655,0,0,0,4,4,0
14540,"Bowling Green, KY",0.058074408,0.175016299,0,0,0,4,4,0
33260,"Midland, TX",0.008336161,0.173210219,0,0,0,4,4,0
19780,"Des Moines-West Des Moines, IA",0.108442339,0.169430802,0,0,0,4,4,0
34060,"Morgantown, WV",0.152598401,0.166447842,0,0,0,4,4,0
31740,"Manhattan, KS",0.173430586,0.16589143,0,0,0,4,4,0
47900,"Washington-Arlington-Alexandria, DC-VA-MD-WV",0.125063816,0.164866098,0,0,0,4,4,0
23420,"Fresno, CA",0.117710939,0.16392526,0,0,0,4,4,0
45300,"Tampa-St. Petersburg-Clearwater, FL",0.013828732,0.161622072,0,0,0,4,4,0
26980,"Iowa City, IA",0.093950027,0.15879887,0,0,0,4,4,0
41620,"Salt Lake City, UT",0.126509288,0.158393691,0,0,0,4,4,0
16820,"Charlottesville, VA",0.149191536,0.158245269,0,0,0,4,4,0
25500,"Harrisonburg, VA",0.019973142,0.157450112,0,0,0,4,4,0
16540,"Chambersburg-Waynesboro, PA",0.062212318,0.157022109,0,0,0,4,4,0
22380,"Flagstaff, AZ",0.0854123,0.155613824,0,0,0,4,4,0
33700,"Modesto, CA",0.003373462,0.15090929,0,0,0,4,4,0
11700,"Asheville, NC",0.005260743,0.150843376,0,0,0,4,4,0
30780,"Little Rock-North Little Rock-Conway, AR",0.092955582,0.146169319,0,0,0,4,4,0
36420,"Oklahoma City, OK",0.06188031,0.143840587,0,0,0,4,4,0
23540,"Gainesville, FL",0.072398064,0.143283291,0,0,0,4,4,0
13900,"Bismarck, ND",0.152274058,0.143009175,0,0,0,4,4,0
37340,"Palm Bay-Melbourne-Titusville, FL",0.129009787,0.140994897,0,0,0,4,4,0
33540,"Missoula, MT",0.036022159,0.140884324,0,0,0,4,4,0
49620,"York-Hanover, PA",0.022578256,0.139412863,0,0,0,4,4,0
37460,"Panama City, FL",0.107256098,0.139221547,0,0,0,4,4,0
26900,"Indianapolis-Carmel-Anderson, IN",0.024158296,0.138329971,0,0,0,4,4,0
13740,"Billings, MT",0.205209673,0.136425129,0,0,0,4,4,0
18140,"Columbus, OH",0.026515983,0.135498053,0,0,0,4,4,0
31180,"Lubbock, TX",0.114759294,0.13484878,0,0,0,4,4,0
44300,"State College, PA",0.086985443,0.134297795,0,0,0,4,4,0
25620,"Hattiesburg, MS",0.094478967,0.133997584,0,0,0,4,4,0
30700,"Lincoln, NE",0.058715358,0.132577674,0,0,0,4,4,0
12940,"Baton Rouge, LA",0.210831851,0.132367922,0,0,0,4,4,0
31540,"Madison, WI",0.092826773,0.130764389,0,0,0,4,4,0
42700,"Sebring, FL",0.049737161,0.130714466,0,0,0,4,4,0
42660,"Seattle-Tacoma-Bellevue, WA",0.088239858,0.13007453,0,0,0,4,4,0
41060,"St. Cloud, MN",0.002402883,0.129641799,0,0,0,4,4,0
31860,"Mankato-North Mankato, MN",0.076346179,0.128663431,0,0,0,4,4,0
36540,"Omaha-Council Bluffs, NE-IA",0.100973453,0.128166552,0,0,0,4,4,0
14010,"Bloomington, IL",0.030191472,0.127226074,0,0,0,4,4,0
22180,"Fayetteville, NC",0.233477352,0.124936277,0,0,0,4,4,0
29200,"Lafayette-West Lafayette, IN",0.057388115,0.124823492,0,0,0,4,4,0
16940,"Cheyenne, WY",0.247930304,0.124143762,0,0,0,4,4,0
44060,"Spokane-Spokane Valley, WA",0.128967794,0.123900394,0,0,0,4,4,0
46220,"Tuscaloosa, AL",0.312482676,0.123127198,0,0,0,4,4,0
27860,"Jonesboro, AR",0.136625167,0.12308606,0,0,0,4,4,0
14020,"Bloomington, IN",0.102178127,0.120829792,0,0,0,4,4,0
43900,"Spartanburg, SC",0.042760961,0.12024067,0,0,0,4,4,0
39660,"Rapid City, SD",0.040227067,0.120229041,0,0,0,4,4,0
28940,"Knoxville, TN",0.076906096,0.120002749,0,0,0,4,4,0
40340,"Rochester, MN",0.079428025,0.119827866,0,0,0,4,4,0
11540,"Appleton, WI",0.003398987,0.119363895,0,0,0,4,4,0
48300,"Wenatchee, WA",0.080344517,0.117568208,0,0,0,4,4,0
18880,"Crestview-Fort Walton Beach-Destin, FL",0.085321521,0.117319362,0,0,0,4,4,0
27900,"Joplin, MO",0.036438454,0.115660874,0,0,0,4,4,0
43420,"Sierra Vista-Douglas, AZ",0.20525643,0.115417604,0,0,0,4,4,0
16580,"Champaign-Urbana, IL",0.129131498,0.111082771,0,0,0,4,4,0
30140,"Lebanon, PA",0.038939968,0.110041803,0,0,0,4,4,0
28140,"Kansas City, MO-KS",0.004996616,0.109365114,0,0,0,4,4,0
31340,"Lynchburg, VA",0.009088691,0.108381275,0,0,0,4,4,0
16860,"Chattanooga, TN-GA",0.008317371,0.108307749,0,0,0,4,4,0
21060,"Elizabethtown-Fort Knox, KY",0.27536748,0.107859832,0,0,0,4,4,0
33460,"Minneapolis-St. Paul-Bloomington, MN-WI",0.03876172,0.105110056,0,0,0,4,4,0
35100,"New Bern, NC",0.019973844,0.105018693,0,0,0,4,4,0
31140,"Louisville/Jefferson County, KY-IN",0.007470087,0.103386714,0,0,0,4,4,0
22900,"Fort Smith, AR-OK",0.080063694,0.102847672,0,0,0,4,4,0
31020,"Longview, WA",0.072594224,0.101798855,0,0,0,4,4,0
11100,"Amarillo, TX",0.223497424,0.101553516,0,0,0,4,4,0
41740,"San Diego-Carlsbad, CA",0.131184586,0.100034366,0,0,0,4,4,0
29180,"Lafayette, LA",0.25823695,0.098183615,0,0,0,4,4,0
27740,"Johnson City, TN",0.059357143,0.094208924,0,0,0,4,4,0
30980,"Longview, TX",0.251497337,0.093100971,0,0,0,4,4,0
37100,"Oxnard-Thousand Oaks-Ventura, CA",0.199406755,0.093097822,0,0,0,4,4,0
42020,"San Luis Obispo-Paso Robles-Arroyo Grande, CA",0.057194746,0.093059457,0,0,0,4,4,0
43300,"Sherman-Denison, TX",0.170286673,0.092969845,0,0,0,4,4,0
49420,"Yakima, WA",0.169005953,0.092775214,0,0,0,4,4,0
24420,"Grants Pass, OR",0.110014656,0.092266857,0,0,0,4,4,0
38540,"Pocatello, ID",0.055476788,0.090887212,0,0,0,4,4,0
48620,"Wichita, KS",0.003853034,0.090857999,0,0,0,4,4,0
11180,"Ames, IA",0.055678448,0.090796102,0,0,0,4,4,0
46140,"Tulsa, OK",0.251092132,0.090684233,0,0,0,4,4,0
26300,"Hot Springs, AR",0.116936672,0.090339283,0,0,0,4,4,0
37860,"Pensacola-Ferry Pass-Brent, FL",0.002332566,0.089379429,0,0,0,4,4,0
47380,"Waco, TX",0.174971612,0.089097905,0,0,0,4,4,0
21660,"Eugene, OR",0.087263932,0.089039166,0,0,0,4,4,0
16300,"Cedar Rapids, IA",0.323231217,0.087299245,0,0,0,4,4,0
44420,"Staunton-Waynesboro, VA",0.031592591,0.087294014,0,0,0,4,4,0
20740,"Eau Claire, WI",0.176246905,0.086384382,0,0,0,4,4,0
24580,"Green Bay, WI",0.034640155,0.083659178,0,0,0,4,4,0
25980,"Hinesville, GA",0.35684739,0.083474706,0,0,0,4,4,0
17020,"Chico, CA",0.011888803,0.082831703,0,0,0,4,4,0
14740,"Bremerton-Silverdale, WA",0.039016384,0.082614487,0,0,0,4,4,0
13820,"Birmingham-Hoover, AL",0.025354543,0.08099539,0,0,0,4,4,0
33860,"Montgomery, AL",0.017914316,0.080824638,0,0,0,4,4,0
21140,"Elkhart-Goshen, IN",0.141267794,0.080791724,0,0,0,4,4,0
25420,"Harrisburg-Carlisle, PA",0.057392281,0.079361743,0,0,0,4,4,0
13980,"Blacksburg-Christiansburg-Radford, VA",0.029436111,0.077251573,0,0,0,4,4,0
18020,"Columbus, IN",0.210479555,0.075019248,0,0,0,4,4,0
27140,"Jackson, MS",0.078778176,0.071971186,0,0,0,4,4,0
23060,"Fort Wayne, IN",0.029722638,0.071892342,0,0,0,4,4,0
47220,"Vineland-Bridgeton, NJ",0.004369113,0.071429547,0,0,0,4,4,0
30020,"Lawton, OK",0.148151776,0.071383932,0,0,0,4,4,0
40220,"Roanoke, VA",0.001340483,0.07075048,0,0,0,4,4,0
26380,"Houma-Thibodaux, LA",0.375716414,0.07045049,0,0,0,4,4,0
27620,"Jefferson City, MO",0.029479218,0.0696527,0,0,0,4,4,0
49340,"Worcester, MA-CT",0.037109001,0.066188867,0,0,0,4,4,0
16020,"Cape Girardeau, MO-IL",0.09997878,0.066026663,0,0,0,4,4,0
36780,"Oshkosh-Neenah, WI",0.13341251,0.065264125,0,0,0,4,4,0
47460,"Walla Walla, WA",0.162531355,0.065259152,0,0,0,4,4,0
24260,"Grand Island, NE",0.258233975,0.064724398,0,0,0,4,4,0
18580,"Corpus Christi, TX",0.030228254,0.063668809,0,0,0,4,4,0
47260,"Virginia Beach-Norfolk-Newport News, VA-NC",0.102346731,0.062739262,0,0,0,4,4,0
15540,"Burlington-South Burlington, VT",0.244409681,0.062205552,0,0,0,4,4,0
12580,"Baltimore-Columbia-Towson, MD",0.157364055,0.061690313,0,0,0,4,4,0
42200,"Santa Maria-Santa Barbara, CA",0.100449428,0.06147035,0,0,0,4,4,0
10780,"Alexandria, LA",0.10315281,0.061274865,0,0,0,4,4,0
43340,"Shreveport-Bossier City, LA",0.018298761,0.060215712,0,0,0,4,4,0
17140,"Cincinnati, OH-KY-IN",0.063511234,0.059834971,0,0,0,4,4,0
41940,"San Jose-Sunnyvale-Santa Clara, CA",0.247785576,0.058238791,0,0,0,4,4,0
35980,"Norwich-New London, CT",0.077182887,0.057768017,0,0,0,4,4,0
27180,"Jackson, TN",0.072682594,0.056644381,0,0,0,4,4,0
11500,"Anniston-Oxford-Jacksonville, AL",0.019497442,0.056330123,0,0,0,4,4,0
25540,"Hartford-West Hartford-East Hartford, CT",0.064228539,0.055512799,0,0,0,4,4,0
38860,"Portland-South Portland, ME",0.078126707,0.054412923,0,0,0,4,4,0
10580,"Albany-Schenectady-Troy, NY",0.019271949,0.054295142,0,0,0,4,4,0
41660,"San Angelo, TX",0.006119917,0.054042958,0,0,0,4,4,0
29100,"La Crosse-Onalaska, WI-MN",0.134256426,0.053824564,0,0,0,4,4,0
16180,"Carson City, NV",0.046167908,0.053701127,0,0,0,4,4,0
27060,"Ithaca, NY",0.106770697,0.052465778,0,0,0,4,4,0
31700,"Manchester-Nashua, NH",0.256796339,0.052200262,0,0,0,4,4,0
21780,"Evansville, IN-KY",0.056711193,0.0518476,0,0,0,4,4,0
41860,"San Francisco-Oakland-Hayward, CA",0.041216977,0.051325011,0,0,0,4,4,0
20220,"Dubuque, IA",0.195568768,0.050592868,0,0,0,4,4,0
30300,"Lewiston, ID-WA",0.037225937,0.050499474,0,0,0,4,4,0
37980,"Philadelphia-Camden-Wilmington, PA-NJ-DE-MD",0.098537161,0.048916618,0,0,0,4,4,0
17980,"Columbus, GA-AL",0.114317364,0.048617121,0,0,0,4,4,0
21420,"Enid, OK",0.254192809,0.047861208,0,0,0,4,4,0
46700,"Vallejo-Fairfield, CA",0.065995009,0.047655256,0,0,0,4,4,0
48140,"Wausau, WI",0.080904486,0.047152275,0,0,0,4,4,0
45940,"Trenton, NJ",0.074232189,0.044908071,0,0,0,4,4,0
22540,"Fond du Lac, WI",0.061635539,0.044575317,0,0,0,4,4,0
36980,"Owensboro, KY",0.174427449,0.044386803,0,0,0,4,4,0
41180,"St. Louis, MO-IL",0.014506009,0.041997606,0,0,0,4,4,0
41140,"St. Joseph, MO-KS",0.171186387,0.040813824,0,0,0,4,4,0
45500,"Texarkana, TX-AR",0.141447368,0.040599259,0,0,0,4,4,0
48060,"Watertown-Fort Drum, NY",0.322251022,0.040192235,0,0,0,4,4,0
16060,"Carbondale-Marion, IL",0.1632755,0.040146204,0,0,0,4,4,0
16980,"Chicago-Naperville-Elgin, IL-IN-WI",0.018622994,0.039874302,0,0,0,4,4,0
14860,"Bridgeport-Stamford-Norwalk, CT",0.047782771,0.038820849,0,0,0,4,4,0
14100,"Bloomsburg-Berwick, PA",0.154407534,0.038537633,0,0,0,4,4,0
44940,"Sumter, SC",0.026068271,0.038491265,0,0,0,4,4,0
30340,"Lewiston-Auburn, ME",0.020603015,0.037661499,0,0,0,4,4,0
31080,"Los Angeles-Long Beach-Anaheim, CA",0.160139045,0.037459483,0,0,0,4,4,0
28700,"Kingsport-Bristol-Bristol, TN-VA",0.07882109,0.037053912,0,0,0,4,4,0
24020,"Glens Falls, NY",0.165755983,0.036816921,0,0,0,4,4,0
33340,"Milwaukee-Waukesha-West Allis, WI",0.107720901,0.036759841,0,0,0,4,4,0
14460,"Boston-Cambridge-Newton, MA-NH",0.132806126,0.036676243,0,0,0,4,4,0
47020,"Victoria, TX",0.194649956,0.032818406,0,0,0,4,4,0
35620,"New York-Newark-Jersey City, NY-NJ-PA",0.095428637,0.031332584,0,0,0,4,4,0
10180,"Abilene, TX",0.129443059,0.031245905,0,0,0,4,4,0
29340,"Lake Charles, LA",0.01358803,0.031198339,0,0,0,4,4,0
33660,"Mobile, AL",0.122095584,0.030226827,0,0,0,4,4,0
22520,"Florence-Muscle Shoals, AL",0.096018643,0.029289962,0,0,0,4,4,0
25060,"Gulfport-Biloxi-Pascagoula, MS",0.088791807,0.0288075,0,0,0,4,4,0
37900,"Peoria, IL",0.353694959,0.027412137,0,0,0,4,4,0
28740,"Kingston, NY",0.105421329,0.02668932,0,0,0,4,4,0
47940,"Waterloo-Cedar Falls, IA",0.197833193,0.025124308,0,0,0,4,4,0
45060,"Syracuse, NY",0.085840464,0.019107781,0,0,0,4,4,0
44140,"Springfield, MA",0.026908511,0.019011373,0,0,0,4,4,0
33740,"Monroe, LA",0.071448318,0.01664064,0,0,0,4,4,0
40380,"Rochester, NY",0.040894672,0.01620685,0,0,0,4,4,0
20260,"Duluth, MN-WI",0.180307235,0.014284019,0,0,0,4,4,0
19060,"Cumberland, MD-WV",0.024479491,0.01265587,0,0,0,4,4,0
24500,"Great Falls, MT",0.160280194,0.012071133,0,0,0,4,4,0
10420,"Akron, OH",0.049415762,0.011856798,0,0,0,4,4,0
27100,"Jackson, MI",0.000859819,0.011526177,0,0,0,4,4,0
39300,"Providence-Warwick, RI-MA",0.080607144,0.011279238,0,0,0,4,4,0
14500,"Boulder, CO",0.107384847,0.0112569,0,0,0,4,4,0
26580,"Huntington-Ashland, WV-KY-OH",0.129575428,0.010298888,0,0,0,4,4,0
24220,"Grand Forks, ND-MN",0.165724064,0.010084327,0,0,0,4,4,0
19340,"Davenport-Moline-Rock Island, IA-IL",0.170961905,0.009762805,0,0,0,4,4,0
13140,"Beaumont-Port Arthur, TX",0.162833511,0.009491288,0,0,0,4,4,0
23460,"Gadsden, AL",0.024140185,0.00938536,0,0,0,4,4,0
33220,"Midland, MI",0.017269755,0.009110216,0,0,0,4,4,0
45460,"Terre Haute, IN",0.100508826,0.008396038,0,0,0,4,4,0
43780,"South Bend-Mishawaka, IN-MI",0.073375143,0.008087462,0,0,0,4,4,0
42540,"Scranton--Wilkes-Barre--Hazleton, PA",0.013377926,0.005361873,0,0,0,4,4,0
43580,"Sioux City, IA-NE-SD",0.112266454,0.003662978,0,0,0,4,4,0